Resumen,Clave de incidencia,ID de la incidencia,Tipo de Incidencia,Estado,Clave del proyecto,Nombre del proyecto,Tipo de proyecto,Responsable del proyecto,ID del responsable del proyecto,Descripción del proyecto,Prioridad,Resolución,Persona asignada,ID de la persona asignada,Informador,ID del informador,Creador,ID del creador,Creada,Actualizada,Vista por Última Vez,Resuelta,Fecha de vencimiento,Votos,Descripción,Entorno,Interesados,ID de los interesados,Estimación original,Trabajo restante estimado,Tiempo Trabajado,Relación de trabajo,Σ Estimación original,Σ Trabajo restante estimado,Σ Tiempo empleado,Nivel de Seguridad,Campo personalizado (Actual end),Campo personalizado (Actual start),Campo personalizado (Affected hardware),Campo personalizado (Affected services),Campo personalizado (Approvals),Campo personalizado (Categoría),Campo personalizado (Categoría de trabajo),Campo personalizado (Change reason),Campo personalizado (Change risk),Campo personalizado (Change type),Campo personalizado (Epic Color),Campo personalizado (Epic Name),Campo personalizado (Epic Status),Campo personalizado (Formularios abiertos),Campo personalizado (Formularios bloqueados),Campo personalizado (Formularios enviados),Campo personalizado (Impact),Campo personalizado (Issue color),Campo personalizado (Major incident),Campo personalizado (Metas),Campo personalizado (Pending reason),Campo personalizado (Project overview key),Campo personalizado (Project overview status),Campo personalizado (Rank),Campo personalizado (Request Type),Campo personalizado (Request language),Campo personalizado (Request participants),Campo personalizado (Responders),Calificación de satisfacción,Campo personalizado (Satisfaction date),Campo personalizado (Sentiment),Campo personalizado (Severity),Campo personalizado (Start date),Campo personalizado (Story point estimate),Campo personalizado (Target end),Campo personalizado (Target start),Campo personalizado (Team),Campo personalizado (Time to close after resolution),Campo personalizado (Time to first response),Campo personalizado (Time to resolution),Campo personalizado (Total de formularios),Campo personalizado (Urgency),Campo personalizado (Vulnerability),Campo personalizado ([CHART] Date of First Response),Campo personalizado ([CHART] Time in Status),Campo personalizado (development),Categoría de estado,Categoría de estado cambiada,Principal,Parent summary
(Ejemplo) Consulta del historial de transacciones,MBA-6,10004,Tarea,En curso,MBA,Aplicación bancaria móvil,software,Itzel Galan,70121:08c3281e-0dd6-40c4-b0ae-2921dbb464f6,,Medium,,,,Itzel Galan,70121:08c3281e-0dd6-40c4-b0ae-2921dbb464f6,Itzel Galan,70121:08c3281e-0dd6-40c4-b0ae-2921dbb464f6,07/05/25 23:29,07/05/25 23:29,,,,0,Permite a los usuarios consultar su historial de transacciones en la aplicación.,,Itzel Galan,70121:08c3281e-0dd6-40c4-b0ae-2921dbb464f6,,,,,,,,,,,,,com.atlassian.servicedesk.plugins.approvals.internal.customfield.ApprovalsCFValue@795080df,,,,,,,,,,,,,,,,,,,0|i0000v:,,,,,,,,,,,,,,,,,,,,,,,En curso,07/05/25 23:29,10001,(Ejemplo) Gestión de las transacciones
(Ejemplo) Configuración de la autenticación en dos fases,MBA-5,10003,Tarea,En curso,MBA,Aplicación bancaria móvil,software,Itzel Galan,70121:08c3281e-0dd6-40c4-b0ae-2921dbb464f6,,Medium,,,,Itzel Galan,70121:08c3281e-0dd6-40c4-b0ae-2921dbb464f6,Itzel Galan,70121:08c3281e-0dd6-40c4-b0ae-2921dbb464f6,07/05/25 23:29,07/05/25 23:29,,,,0,Implementa la autenticación en dos fases para una seguridad mejorada.,,Itzel Galan,70121:08c3281e-0dd6-40c4-b0ae-2921dbb464f6,,,,,,,,,,,,,com.atlassian.servicedesk.plugins.approvals.internal.customfield.ApprovalsCFValue@56a4adc3,,,,,,,,,,,,,,,,,,,0|i00013:,,,,,,,,,,,,,,,,,,,,,,,En curso,07/05/25 23:29,10000,(Ejemplo) Autenticación de usuario
(Ejemplo) Inicio de la transferencia de fondos,MBA-4,10005,Tarea,Tareas por hacer,MBA,Aplicación bancaria móvil,software,Itzel Galan,70121:08c3281e-0dd6-40c4-b0ae-2921dbb464f6,,Medium,,,,Itzel Galan,70121:08c3281e-0dd6-40c4-b0ae-2921dbb464f6,Itzel Galan,70121:08c3281e-0dd6-40c4-b0ae-2921dbb464f6,07/05/25 23:29,07/05/25 23:29,,,,0,Permite a los usuarios transferir fondos entre cuentas.,,Itzel Galan,70121:08c3281e-0dd6-40c4-b0ae-2921dbb464f6,,,,,,,,,,,,,com.atlassian.servicedesk.plugins.approvals.internal.customfield.ApprovalsCFValue@6948bc5c,,,,,,,,,,,,,,,,,,,0|i0000n:,,,,,,,,,,,,,,,,,,,,,,,Por hacer,07/05/25 23:29,10001,(Ejemplo) Gestión de las transacciones
(Ejemplo) Implementación del inicio de sesión biométrico,MBA-3,10002,Tarea,Finalizada,MBA,Aplicación bancaria móvil,software,Itzel Galan,70121:08c3281e-0dd6-40c4-b0ae-2921dbb464f6,,Medium,Listo,,,Itzel Galan,70121:08c3281e-0dd6-40c4-b0ae-2921dbb464f6,Itzel Galan,70121:08c3281e-0dd6-40c4-b0ae-2921dbb464f6,07/05/25 23:29,07/05/25 23:29,,07/05/25 23:29,,0,Permite a los usuarios iniciar sesión mediante la huella digital o el reconocimiento facial.,,Itzel Galan,70121:08c3281e-0dd6-40c4-b0ae-2921dbb464f6,,,,,,,,,,,,,com.atlassian.servicedesk.plugins.approvals.internal.customfield.ApprovalsCFValue@14638077,,,,,,,,,,,,,,,,,,,0|i0000f:,,,,,,,,,,,,,,,,,,,,,10000_*:*_1_*:*_560_*|*_10002_*:*_1_*:*_0,,Listo,07/05/25 23:29,10000,(Ejemplo) Autenticación de usuario
(Ejemplo) Gestión de las transacciones,MBA-2,10001,Epic,Tareas por hacer,MBA,Aplicación bancaria móvil,software,Itzel Galan,70121:08c3281e-0dd6-40c4-b0ae-2921dbb464f6,,Medium,,,,Itzel Galan,70121:08c3281e-0dd6-40c4-b0ae-2921dbb464f6,Itzel Galan,70121:08c3281e-0dd6-40c4-b0ae-2921dbb464f6,07/05/25 23:29,07/05/25 23:29,,,22/05/25 0:00,0,sample-data-software-dev-temp-kanban.project-6-epic-2-description,,Itzel Galan,70121:08c3281e-0dd6-40c4-b0ae-2921dbb464f6,,,,,,,,,,,,,com.atlassian.servicedesk.plugins.approvals.internal.customfield.ApprovalsCFValue@67dae3fa,,,,,,,,,,,,,,,,,,,0|hzzzzz:,,,,,,,,,,,,,,,,,,,,,,,Por hacer,07/05/25 23:29,,
(Ejemplo) Autenticación de usuario,MBA-1,10000,Epic,Tareas por hacer,MBA,Aplicación bancaria móvil,software,Itzel Galan,70121:08c3281e-0dd6-40c4-b0ae-2921dbb464f6,,Medium,,,,Itzel Galan,70121:08c3281e-0dd6-40c4-b0ae-2921dbb464f6,Itzel Galan,70121:08c3281e-0dd6-40c4-b0ae-2921dbb464f6,07/05/25 23:29,07/05/25 23:29,,,15/05/25 0:00,0,sample-data-software-dev-temp-kanban.project-6-epic-1-description,,Itzel Galan,70121:08c3281e-0dd6-40c4-b0ae-2921dbb464f6,,,,,,,,,,,,,com.atlassian.servicedesk.plugins.approvals.internal.customfield.ApprovalsCFValue@78f1729,,,,,,,,,,,,,,,,,,,0|i00007:,,,,,,,,,,,,,,,,,,,,,,,Por hacer,07/05/25 23:29,,